Tweet,Cleaned_Tweet,True_Label,Predicted_Label
I swear it doesnât matter what time I go to sleep my body forever wakes up tired,i swear it doesnt matter what time i go to sleep my body forever wakes up tired,1,1
Haha flight of the conchords was so bloody hilarious last night 10/10 chur chur,haha flight of the conchords was so bloody hilarious last night chur chur,0,0
@Fortitia how's it cooking? looking forward to having a taste later.,hows it cooking looking forward to having a taste later,0,0
he want to kill her.,he want to kill her,0,0
@willconley777 Thanks for helping share the PostRank love.,thanks for helping share the postrank love,0,0
@fitnessbox Watch this space. Not sure how viable it is yet. Possibly though,watch this space not sure how viable it is yet possibly though,0,0
@acummings We have the location updated on the Dakno blog. Always looking out for the REBC peeps! #REBCPHL,we have the location updated on the dakno blog always looking out for the rebc peeps,0,0
@tmotsenbocker @TheAcademic @judahandthelion Take it all back was so fun https://t.co/iewkzKosB8,take it all back was so fun,0,0
"@khushi4all Don't make a topic, am sure you'll get some replies soon.",dont make a topic am sure youll get some replies soon,0,0
"RT @Elixeon: Just want to say that just cause a song isn't charting, doesn't mean its dead. Stans online care about charts way more than GPâ¦",rt just want to say that just cause a song isnt charting doesnt mean its dead stans online care about charts way more than gp,1,0
i m not good at pretending that i am ok so i look like shit i dont smile i still have acne i am 19 i have black circles under my eyes and i have a very pale skin cuz i never leave my house only when i go to school so people stare at me every day some of them point at me and they just laugh some of them give me that disgusted look and some of them just tell me that i m ugly or that i look like a fucking methhead i m so fucking depressed for many other reasons but i think this is the worst one i also have social anxiety so i dont have any friends and i never had a gf when i try to talk to someone i just turn red and its so embarrassing i have already attempted suicide last month and i still feel like shit,i m not good at pretending that i am ok so i look like shit i dont smile i still have acne i am i have black circles under my eyes and i have a very pale skin cuz i never leave my house only when i go to school so people stare at me every day some of them point at me and they just laugh some of them give me that disgusted look and some of them just tell me that i m ugly or that i look like a fucking methhead i m so fucking depressed for many other reasons but i think this is the worst one i also have social anxiety so i dont have any friends and i never had a gf when i try to talk to someone i just turn red and its so embarrassing i have already attempted suicide last month and i still feel like shit,1,1
I want you to sense my magic without touch.,i want you to sense my magic without touch,0,0
@olimould Lewis,lewis,0,0
"Iâm tired of lies and living in lies, of people showing only the versions they want to show and of shows that people put on.",im tired of lies and living in lies of people showing only the versions they want to show and of shows that people put on,1,1
"RT @rosettalind55: @BrettCMajor1 I`m sick and tired of listening to @JustinTrudeau saying,""First and foremost ,we`re all here to work for Câ¦",rt im sick and tired of listening to sayingfirst and foremost were all here to work for c,1,1
"while im fuckin at it, http://is.gd/q86o buy a shirt please",while im fuckin at it buy a shirt please,0,1
@thatswhack74 WHOA I WANT SOME TOO,whoa i want some too,0,0
i don t think i can live with what he did to me i was sexually abused for years and i can t take one more second of reliving the feeling of his hands all over my body i would rather take my life than live with the guilt and shame that i feel over this i can t tell anyone what happened to me i feel like i am going insane,i don t think i can live with what he did to me i was sexually abused for years and i can t take one more second of reliving the feeling of his hands all over my body i would rather take my life than live with the guilt and shame that i feel over this i can t tell anyone what happened to me i feel like i am going insane,1,1
is a bit happier. She found her Chanel sunglasses.,is a bit happier she found her chanel sunglasses,0,0
Is up at 7 am for no reason. Had a great day yesterday... hopes today is just as good,is up at am for no reason had a great day yesterday hopes today is just as good,0,0
"@AbigailBrooke29,With Jake :),RT @yxrx_x: I desperately and whole heartedly dont want to be here anymore.",with jake rt i desperately and whole heartedly dont want to be here anymore,1,1
In tired of everything. Cant wait to die.,in tired of everything cant wait to die,1,1
i wanna fucking kill myself,i wanna fucking kill myself,1,1
@Thetoffeemen1 @SimonMidi9790 @RonaldKoeman @Everton sure just get that homework done while celebrating that poin https://t.co/oi7X3ZTLGy,sure just get that homework done while celebrating that poin,0,0
@JohnsHopkins Bloodstain on the carpet? Ready to gooo! http://short.to/3uqb,bloodstain on the carpet ready to gooo,0,1
"Good Morning! With apologies to my MState friends, all I have to say is Woohoo! Tar Nation! Better luck next year, boys!",good morning with apologies to my mstate friends all i have to say is woohoo tar nation better luck next year boys,0,0
"RT @elonmusk: Congratulations @SpaceX team! Thanks @NASA, much appreciated. https://t.co/6aiWbh8F6V",rt congratulations team thanks much appreciated,0,0
@modejunkie awww sweetness! But he's still a cutie!,awww sweetness but hes still a cutie,0,0
"If you want to win, first you need to understand the game that you’re playing.",if you want to win first you need to understand the game that youre playing,0,0
I'm sick and tired of people putting so much energy into shitting on ships but they won't do the same to help a livâ¦ https://t.co/hyFuB3D04a,im sick and tired of people putting so much energy into shitting on ships but they wont do the same to help a liv,1,1
my wife: on his will it says he's left all his updog to you,my wife on his will it says hes left all his updog to you,1,0
"@kingxhesh,,just fucking kill me already i dont want to be here anymore",just fucking kill me already i dont want to be here anymore,1,1
MEGA MONSTER MUNCH,mega monster munch,0,0
I wish I still had my Simpsons shower radio.,i wish i still had my simpsons shower radio,0,1
"@peterwalker78 www.youtube.com/Titomi15..WATCH THE VIDEOS,COMMENT&amp;SUSCRIBE!! &amp; FOLLOW me , Cheers x",the videoscommentsuscribe follow me cheers x,0,0
getting ready for class. much rather sleep,getting ready for class much rather sleep,0,1
I damn near hate smoking by myself but sometimes I like it cause I canât finish blunts and I be having some for later.,i damn near hate smoking by myself but sometimes i like it cause i cant finish blunts and i be having some for later,1,1
@Alexia You want his money.,you want his money,0,0
youâve changed for the fucking worse. i cant believe that you could really go back on all ur hard work like that,youve changed for the fucking worse i cant believe that you could really go back on all ur hard work like that,1,1
everyone should follow me AND feed me mexican everyday!,everyone should follow me and feed me mexican everyday,0,0
RT @palestinianho: patient: i hate myself and i want to die,rt patient i hate myself and i want to die,1,1
Tired of living with childish people,tired of living with childish people,1,1
i am going to kill myself tonight i am a lesbian grad student at a conservative big name school in america my life up until now has been shit i am lonely girls only want to use me for sex i dont feel loved by friends ive been struggling to find a dissertation lab i invented something for a professor in undergrad but now shes stealing it and giving me no credit i want to make sure i do it the right way so that i am gone i am just fucking tired of not feeling valued,i am going to kill myself tonight i am a lesbian grad student at a conservative big name school in america my life up until now has been shit i am lonely girls only want to use me for sex i dont feel loved by friends ive been struggling to find a dissertation lab i invented something for a professor in undergrad but now shes stealing it and giving me no credit i want to make sure i do it the right way so that i am gone i am just fucking tired of not feeling valued,1,1
@solareclipse2k http://twitpic.com/2y3i4 - Totally love this pic! Are you singing it in Finnish?,totally love this pic are you singing it in finnish,0,0
Ive had enough of life and the pain it causes,ive had enough of life and the pain it causes,1,1
daycare is so damn expensive. and the only reason why im getting a discount is because the owner knows my aunt. butâ¦ https://t.co/6Ml25B4CYE,daycare is so damn expensive and the only reason why im getting a discount is because the owner knows my aunt but,1,1
"RT @shxxyellowbin: Oh my heart hurts so good. I love you babe, so bad. @ikon_shxxbi https://t.co/aH5aObf60j",rt oh my heart hurts so good i love you babe so bad,0,0
enjoyed the N-Dubz gig last night - and it finished early which is always a bonus,enjoyed the ndubz gig last night and it finished early which is always a bonus,0,0
every day just brings me closer to death i am 21 years old working student i want to kill myself life is unbearable i have no skills not talents and i am absolutely boring person so i spend most of my free time alone i really want to find a girlfriend but i see no way how could i find one when i am useless like this i used to go away from sadness by listening to music but these days i am bored of music and just want to go to sleep and never wake up ,every day just brings me closer to death i am years old working student i want to kill myself life is unbearable i have no skills not talents and i am absolutely boring person so i spend most of my free time alone i really want to find a girlfriend but i see no way how could i find one when i am useless like this i used to go away from sadness by listening to music but these days i am bored of music and just want to go to sleep and never wake up,1,1
I can just imagine how much of that Howard would want to know.,i can just imagine how much of that howard would want to know,0,0
i am looking for someone to talk to all i want to do is die ,i am looking for someone to talk to all i want to do is die,1,0
@hodakotb celebrate my bday on klg's anniversary bday shout out! can't wait to watch!,celebrate my bday on klgs anniversary bday shout out cant wait to watch,0,0
@lakezuriche I Hope I Fucken Change Cause Damn Do I Hate Myself!!!!!!!!,i hope i fucken change cause damn do i hate myself,1,1
RT @CoreyBBrooks: Living in the Hood can be really tough. I am tired of losing people to the violence. I will not give up! https://t.co/zjYâ¦,rt living in the hood can be really tough i am tired of losing people to the violence i will not give up,1,1
@danielhilton I know that's real. My bf fell asleep &amp; I'm editing video... XO,i know thats real my bf fell asleep im editing video xo,0,1
Canât believe I lost my damn car keys smh mind you the damn house key is on there ð this is the 2nd time my drunk aâ¦ https://t.co/EaZ8urlp7o,cant believe i lost my damn car keys smh mind you the damn house key is on there this is the nd time my drunk a,1,1
@kanter And waiting for sunrise in spring with an amazing colors,and waiting for sunrise in spring with an amazing colors,0,0
i think its tonight because i dont care and i have nothing left i dont care i had something so great so promising and they stripped it down past the bone into splinters then pissed on the splinters i dont want happiness i dont want dreams i dont care that if i post a note everyone will desperately try to stop me i know they ll care when i am about to die or dead i am numb i am no longer scared and the hurt is too much i gotta go i have nothing left i had a lot of love to give but its gone with me i just wanted someone to hear me before the end ,i think its tonight because i dont care and i have nothing left i dont care i had something so great so promising and they stripped it down past the bone into splinters then pissed on the splinters i dont want happiness i dont want dreams i dont care that if i post a note everyone will desperately try to stop me i know they ll care when i am about to die or dead i am numb i am no longer scared and the hurt is too much i gotta go i have nothing left i had a lot of love to give but its gone with me i just wanted someone to hear me before the end,1,1
RT @JimmieAthletics: Congratulations to @JimmieFootball OL Anthony Vereen for being named GPAC Football First Team Offense 2018! #GoJimmiesâ¦,rt congratulations to ol anthony vereen for being named gpac football first team offense,0,0
@chinewinelover ?????,,0,0
seems like instead of me hoping i ll live past 27 i am praying i ll live past 20 i have really all but given up right now each and every day i think about disappearing from the world more and more as if its becoming an actual option ,seems like instead of me hoping i ll live past i am praying i ll live past i have really all but given up right now each and every day i think about disappearing from the world more and more as if its becoming an actual option,1,1
wants something to eat but cant decide what to have shortstack were on home and away and hi tori,wants something to eat but cant decide what to have shortstack were on home and away and hi tori,0,0
AFTER EFFECTS HAS FROZEN AND I DID NOT I REPEAT I DID NOT SAVE MY EDIT I WANT TO ACTUALLY FUCKING DIE .... IT TOOKâ¦ https://t.co/yif8DABTQm,after effects has frozen and i did not i repeat i did not save my edit i want to actually fucking die it took,1,1
Photo: eatsleepdraw: so weirdÃ¯Â¿Â½ I like it. http://tumblr.com/xig1jujl3,photo eatsleepdraw so weird i like it,0,0
in the photoshop,in the photoshop,0,1
thanks for the photo @basibanget,thanks for the photo,0,0
http://tr.im/imNg just made a new fluid icon for use with @amiestreet,just made a new fluid icon for use with,0,0
I love everyone else while I hate myself,i love everyone else while i hate myself,1,1
"@cherryspoon Don't get upset by it, not worth it Besides if they do that with enough people, their accounts will not be so popular ;-)",dont get upset by it not worth it besides if they do that with enough people their accounts will not be so popular,0,0
what now so i am 17 everyone knows i want to kill myself but nobody really acknowledges it as though even if i did it it would just be inevitable and nobody would give a shit which is true and i amfucking sick its been like 3 years of suicidal thoughts but over time theyve become disgustingly close to becoming reality and i am fucking scared i just want to die you know maybe i will,what now so i am everyone knows i want to kill myself but nobody really acknowledges it as though even if i did it it would just be inevitable and nobody would give a shit which is true and i amfucking sick its been like years of suicidal thoughts but over time theyve become disgustingly close to becoming reality and i am fucking scared i just want to die you know maybe i will,1,1
"I fell in love with her courage, her sincerity, and her flaming self respect. I love her and it is the beginning of everything.",i fell in love with her courage her sincerity and her flaming self respect i love her and it is the beginning of everything,0,1
"searching for a good dress, any care to help me?",searching for a good dress any care to help me,0,0
"IVE LOST A LOT OF INTEREST IN NASCAR AND DONT THINK I WILL TWEET FROM HERE MUCH ANYMORE. IF YOU STILL WANT TO BE FRIENDS OR SOMETHING, YOU CAN FOLLOW MY LESS POPULAR TWITTER PAGE: @gutcheez. WE CAN BE FRIENDS THERE.",ive lost a lot of interest in nascar and dont think i will tweet from here much anymore if you still want to be friends or something you can follow my less popular twitter page we can be friends there,1,1
@coy0te Good morning! Feeling happier today?,good morning feeling happier today,0,0
So this goes well to show the average American trying to retire will die hungry and alone.,so this goes well to show the average american trying to retire will die hungry and alone,1,1
"Wait I take this back, I fucking hate living in Markham and I want to actually kill myself damn",wait i take this back i fucking hate living in markham and i want to actually kill myself damn,1,1
Leaving House now gonna switch to texts,leaving house now gonna switch to texts,0,0
@Da_Funk welcome bro!,welcome bro,0,0
"Whenever I have dreams of my mom lately, itâs as if sheâs still alive and that she never went away ð³ but then againâ¦ https://t.co/fgV1SvUvkO",whenever i have dreams of my mom lately its as if shes still alive and that she never went away but then again,1,1
"@gerardway I'm great.somebody said&quot;u speak out of the right side of your mouth&quot; oh,it was random.I think You have sweet talking,dear",im greatsomebody saidu speak out of the right side of your mouth ohit was randomi think you have sweet talkingdear,0,1
Tuesday in the great metropolis of Hanover... what could be better,tuesday in the great metropolis of hanover what could be better,0,0
@wasim not tired of everything.,not tired of everything,0,0
@rainbowdarling lol you and me both. Grumpy and bitter.,lol you and me both grumpy and bitter,0,0
"RT @NICKBOYNTON24: ""I donât want to die. But, you know, nothing is for certain. And Iâm tired of keeping quiet."" @PlayersTribune @CarBombBoâ¦",rt i dont want to die but you know nothing is for certain and im tired of keeping quiet,1,1
RT @WayneRooney: Congratulations to Joe Cole on a brilliant career. Enjoy your retirement mate ðð¼ð´ó §ó ¢ó ¥ó ®ó §ó ¿ðð¼ https://t.co/L6Lq9R394n,rt congratulations to joe cole on a brilliant career enjoy your retirement mate,0,0
is loving the sun but is upset she cant make the picnic thurs,is loving the sun but is upset she cant make the picnic thurs,0,0
I think Iâm going to redecorate my living room but Iâm tired of moving stuff around,i think im going to redecorate my living room but im tired of moving stuff around,1,1
"@iwrotethis: Nope, you just caught me, cheers, I'm sure I will. Hope the sunshine holds out for you",nope you just caught me cheers im sure i will hope the sunshine holds out for you,0,0
"RT @ImRaina: What a dominating performance, @TheHockeyIndia! Let the celebrations begin Best wishes for the games ahead",rt what a dominating performance let the celebrations begin best wishes for the games ahead,0,0
We had a visit from our lovely zone head today .... nice,we had a visit from our lovely zone head today nice,0,0
â¡sigh i hate this i hardly get time to myself and have fun anymore with me have to go to sleep early and waking upâ¦ https://t.co/uSJJTGfjeR,sigh i hate this i hardly get time to myself and have fun anymore with me have to go to sleep early and waking up,1,1
"@UnclaimedAna2 The worst part is I tire easily and I love napping. Fortunately I donât get tired until after work,â¦ https://t.co/EyDeIthBBG",the worst part is i tire easily and i love napping fortunately i dont get tired until after work,1,0
@JamFactory and such a beautiful (if typically Mac'y) web site too,and such a beautiful if typically macy web site too,0,0
Everything is temporary. EVIL EYES OFF SHIVRIT,everything is temporary evil eyes off shivrit,0,0
"mmm OJ, scrambled eggs w/ cheese and toast GILMOREGIRLS TOO! ahhh. this day is amazing.. now if i could only get the dryer to work.",mmm oj scrambled eggs w cheese and toast gilmoregirls too ahhh this day is amazing now if i could only get the dryer to work,0,0
@ibeatsex imy frankieeeee &lt;3(: found any good books to read yet?,imy frankieeeee found any good books to read yet,0,0
@caitlinh38 Caution: It can be addictive,caution it can be addictive,0,0
"@o_crunk Keep it up, you do good work!",keep it up you do good work,0,0
Reminder: SR Release date set for Easter Sunday,reminder sr release date set for easter sunday,0,0
@SashaMcfly niiiceee,niiiceee,0,0
I want you to come home right after school.,i want you to come home right after school,0,0
Tired of living like this,tired of living like this,1,1
Somebody just please kill me before my life gets any more stupid?,somebody just please kill me before my life gets any more stupid,1,1
"@Logman765,Lincoln, NE,RT @LoliThicc: Im sorry if i really want my life to end im sorry i drank for week straight i am sorry but its hard to say its gonna be fineâ¦",lincoln nert im sorry if i really want my life to end im sorry i drank for week straight i am sorry but its hard to say its gonna be fine,1,1
i keep repeating to myself kill yourself kill yourself do it already i am ready to listen to my inner thoughts i have attempted in the past but at the last moment either i live through it just in a hellblaze of pain becoming a even bigger failure or my body stops me my mind screams to do it but sometimes my body just stops me sometimes my body will give up on life and i ll lay there wanting to shed a tear yet i know no one will care so i lay quietly in the darkness for days on end i try to drown out the voices with all i have left music but recently i dont care to listen to all i have to do what has stuck with me for all my life i am ready to listen to the voices i m ready to listen to my inner shouts if only i had easier access to guns my life would be so much harder but i dont instead i have to go out in either a more painfull way i hope others continue to have the will to carry on but sadly i think i lost mine ,i keep repeating to myself kill yourself kill yourself do it already i am ready to listen to my inner thoughts i have attempted in the past but at the last moment either i live through it just in a hellblaze of pain becoming a even bigger failure or my body stops me my mind screams to do it but sometimes my body just stops me sometimes my body will give up on life and i ll lay there wanting to shed a tear yet i know no one will care so i lay quietly in the darkness for days on end i try to drown out the voices with all i have left music but recently i dont care to listen to all i have to do what has stuck with me for all my life i am ready to listen to the voices i m ready to listen to my inner shouts if only i had easier access to guns my life would be so much harder but i dont instead i have to go out in either a more painfull way i hope others continue to have the will to carry on but sadly i think i lost mine,1,1
can i move out already im tired of living with this old hag,can i move out already im tired of living with this old hag,1,1
"RT @AUTHORSWEEK: Congratulations Seye @seyeoke for being the latest @Author of the Week @AUTHORSWEEK. Keep on creating, keep on writing andâ¦",rt congratulations seye for being the latest of the week keep on creating keep on writing and,0,0
@WilliamSledd Love the videos William New to twitter x,love the videos william new to twitter x,0,0
"""And a certain centurion's servant, who was dear unto him, was sick, and ready to die."" ~Luke 7:2 #Jesus #God #Bible",and a certain centurions servant who was dear unto him was sick and ready to die luke,1,1
"Iâm so much happier &amp; better off without you weak , fake lames ð leave me alone , I donât need you anyway #bigslime ð ",im so much happier better off without you weak fake lames leave me alone i dont need you anyway,1,1
@beijingboyce Who is @Maotai? I like Maotai spirit very much!,who is i like maotai spirit very much,0,0
tellin two of my bfflÃ¯Â¿Â½s to sign up here,tellin two of my bffls to sign up here,0,1
@tommcfly yummy starbucks!,yummy starbucks,0,0
An easter egg without the calories http://www.etsy.com/view_listing.php?listing_id=23359320,an easter egg without the calories,0,0
gonna go cut up some chickeeeen,gonna go cut up some chickeeeen,0,0
I am constantly amazed by our technology. It makes me wonder. Now check out this rad song! &quot;Tripping&quot; ? http://twt.fm/33023,i am constantly amazed by our technology it makes me wonder now check out this rad song tripping,0,0
"Watching Tron Oh my goodness, genius stuff :-D. the bike scene just flashed by",watching tron oh my goodness genius stuff d the bike scene just flashed by,0,0
i will probably kill myself before 2018 i have always been depressed as long as i can remember summers are better but school always makes it much worse i probably would have tried to kill myself last may if i had a car now i do last may was the worst its ever been i transferred to an early college program soi amtaking classes at the cc instead of my shitass high school ive only been in school for two weeks and its progressing way faster than normal idk why i want to die nothing traumatic has happened to me but i do i hate myself so much i will probably co myself if this doesnt get better soon,i will probably kill myself before i have always been depressed as long as i can remember summers are better but school always makes it much worse i probably would have tried to kill myself last may if i had a car now i do last may was the worst its ever been i transferred to an early college program soi amtaking classes at the cc instead of my shitass high school ive only been in school for two weeks and its progressing way faster than normal idk why i want to die nothing traumatic has happened to me but i do i hate myself so much i will probably co myself if this doesnt get better soon,1,1
"@cgupi1,,RT @caringcorbyn: i literally cant explain everything so much has happened i dont wanna be here anymore. wtf is even the point. i literallyâ¦",rt i literally cant explain everything so much has happened i dont wanna be here anymore wtf is even the point i literally,1,1
"@CollinB63,,Everyone says im better off but I dont want to be. I dont think that. It doesnt quite matter what I think anymore. So we out here.",everyone says im better off but i dont want to be i dont think that it doesnt quite matter what i think anymore so we out here,1,1
@mikeyway Cute,cute,0,1
@AlexCraven yeah I saw. I'm tempted to get into it but think I'll wait till the DVD set is out. I like to be able to gorge myself on it,yeah i saw im tempted to get into it but think ill wait till the dvd set is out i like to be able to gorge myself on it,0,0
"feel like running away, far away, in a great place where no one can find me.",feel like running away far away in a great place where no one can find me,0,0
"asahi, giant and scared: PLEASE donât eat my ass spirits",asahi giant and scared please dont eat my ass spirits,1,0
"Work two jobs, in school, gotta car, my own apartment, a boo , life's going good for me right now and I'm only 19",work two jobs in school gotta car my own apartment a boo lifes going good for me right now and im only,0,0
"@richardsedley I'm absolutely interested! I'll shoot you my info in a DM, or of course feel free to share it in a reply and I'll retweet.",im absolutely interested ill shoot you my info in a dm or of course feel free to share it in a reply and ill retweet,0,0
"RT @shelbypie24: I saw a quote on Pinterest that said, âWhen I stand before God at the end of my life, I hope that I donât have a single biâ¦",rt i saw a quote on pinterest that said when i stand before god at the end of my life i hope that i dont have a single bi,1,1
wanted to kill her.,wanted to kill her,0,0
Living as a hardcore empath is so hard. I'm tired of being nice and putting emotional labor into those who are undeserving,living as a hardcore empath is so hard im tired of being nice and putting emotional labor into those who are undeserving,1,1
"@sadegsi,ger/rus/eng,I want to die so much, I dont want to be here anymore",gerrusengi want to die so much i dont want to be here anymore,1,1
"@cakeandcommerce it was one of Hugh's at Eastern Standard, but it's definitely one I'll be planning on making myself in the future",it was one of hughs at eastern standard but its definitely one ill be planning on making myself in the future,0,1
if i tell a psychiatrist that i am suicidal will they immediately have me shipped away and handcuffed to a bed i always lie,if i tell a psychiatrist that i am suicidal will they immediately have me shipped away and handcuffed to a bed i always lie,1,1
"There is only One seat at The Church of Jason. My Life; My Choice; My Belief; My artistic expression. Sorry, thereâ¦ https://t.co/cIilCixUQK",there is only one seat at the church of jason my life my choice my belief my artistic expression sorry there,1,0
"@GreigWells Haha, they are a flamin distraction",haha they are a flamin distraction,0,1
So I blew hella money at Joannâs ð damn it. I hate that I do this to myself but I love to make shit,so i blew hella money at joanns damn it i hate that i do this to myself but i love to make shit,1,1
Taking son to have his braces taken of Big day in teen age boy's life!,taking son to have his braces taken of big day in teen age boys life,0,0
RT @AprilMaeJackson: R.I.P @xxxtentacion I didnât know much about you but you helped out in hard times you didnât deserve to die at such aâ¦,rt rip i didnt know much about you but you helped out in hard times you didnt deserve to die at such a,1,1
"@Madyson_gregg,Castroville, TX,RT @jaemverse: i just dont want to be here anymore",castroville txrt i just dont want to be here anymore,1,1
she is not tired of everything.,she is not tired of everything,0,0
i cant stop fucking upi amselfish gutless disrespectful spiteful rude self righteous arrogant ignorantim forgetful unfelpful self centeredim stupid clutzy lazy depressed constantly exhausted i havent filled out any of my college applications because i didnt even plan on living this long i just want to die so i can stop disgracing my family and inconveniencing my mom i kind of want to be a ballistician they look at bullets from dead bodies to see what gun it came out of but honestly i am more likely to be the subject of one and i dont have any friends in or out of school why am i like this,i cant stop fucking upi amselfish gutless disrespectful spiteful rude self righteous arrogant ignorantim forgetful unfelpful self centeredim stupid clutzy lazy depressed constantly exhausted i havent filled out any of my college applications because i didnt even plan on living this long i just want to die so i can stop disgracing my family and inconveniencing my mom i kind of want to be a ballistician they look at bullets from dead bodies to see what gun it came out of but honestly i am more likely to be the subject of one and i dont have any friends in or out of school why am i like this,1,1
"RT @milatorres170: I never had to do the most , throw shade or hate. I can be quiet and bitches still want me dead. Thatâs pure Hate and Iâ¦",rt i never had to do the most throw shade or hate i can be quiet and bitches still want me dead thats pure hate and i,1,1
"@LaPrincipessa you SAU! i stood up at 8. then off to offenbach, home. outside. sunshine. love you.",you sau i stood up at then off to offenbach home outside sunshine love you,0,0
"is proud that Wilmington, DE has decreased the number of homicides compared to this time last year by 62%. Absolutely commendable!",is proud that wilmington de has decreased the number of homicides compared to this time last year by absolutely commendable,0,1
Home sweet home shower time,home sweet home shower time,0,0
@cydneyw http://twitpic.com/2nvz6 - We're both famous,were both famous,0,0
"@earlydetection enjoy I just can't get into it this season, but happy to know that you're getting your groove on.",enjoy i just cant get into it this season but happy to know that youre getting your groove on,0,0
In reality social media donât care about a mans mental health or donât want to speak on it until heâs dead lets be real,in reality social media dont care about a mans mental health or dont want to speak on it until hes dead lets be real,1,1
"RT @TGGuide: TransFact: Sadly, around 78% of transgender people who were bullied at school have thought about or attempted suicide. This neâ¦",rt transfact sadly around of transgender people who were bullied at school have thought about or attempted suicide this ne,1,1
"Now scribes can't wear their shoes to any Press Conference, thanks to Jarnail Singh...",now scribes cant wear their shoes to any press conference thanks to jarnail singh,0,0
@JessicaHamby I LAUGHED SO HARD at that statement. SO hard. I needed that thank you.,i laughed so hard at that statement so hard i needed that thank you,0,0
"@benjamenus oh blimey, it's not you is it?? don't worry, I wouldn't say anything here that i wouldn't say to them personally.",oh blimey its not you is it dont worry i wouldnt say anything here that i wouldnt say to them personally,0,0
RT @VibeFeeIings: Your hardest times often lead to the greatest moments of your life. Keep the faith. It will all be worth in the end.,rt your hardest times often lead to the greatest moments of your life keep the faith it will all be worth in the end,0,0
"RT @hullablue: Daughter was delighted to see this assistant referee today 'her hair is like mine, can I be a referee? '",rt daughter was delighted to see this assistant referee today her hair is like mine can i be a referee,0,0
my morning started out so bad i just want to go home and sleep forever,my morning started out so bad i just want to go home and sleep forever,1,1
"Offense or Defense , passive or violent. I cut my wrist and my heartbeat is silent",offense or defense passive or violent i cut my wrist and my heartbeat is silent,1,1
Wishing you all the happiness and love in theâ¦,wishing you all the happiness and love in the,0,0
@LukesMummy He was a very good boy. He looks even cuter now. If such a thing were possible.,he was a very good boy he looks even cuter now if such a thing were possible,0,0
RT @VRachal33: I swear to move forward or get ahead in life,rt i swear to move forward or get ahead in life,0,0
Beans on toast with Simona. Can it get any better ?,beans on toast with simona can it get any better,0,0
"@sokeri thanks for the help, i have realized that Now I need you to make it work.",thanks for the help i have realized that now i need you to make it work,0,0
@brendonuriesays @trohman hope you guys have a safe flight,hope you guys have a safe flight,0,0
@michaelgrainger heh heh but you cld use it for anything almost lol,heh heh but you cld use it for anything almost lol,0,0
@mrsgiggles83 hey black hair suits u by the way,hey black hair suits u by the way,0,0
"@nicolerichie and @joelmadden 's little love tweets are so cute However, @aplusk and @mrskutcher 's make me want to vomit.",and s little love tweets are so cute however and s make me want to vomit,0,0
@ImWendy lol - yeah they can be loud so depends where your dryer is but they do get rid of the static - very sneaky bout the dog lolx,lol yeah they can be loud so depends where your dryer is but they do get rid of the static very sneaky bout the dog lolx,0,0
"My Cowley Road E.P. has been re-released on itunes! If you don't have it, get it!",my cowley road ep has been rereleased on itunes if you dont have it get it,0,1
I hate myself,i hate myself,1,1
@anup_99 yea .. they just keep getting better,yea they just keep getting better,0,0
@declanshalvey yea you're right it's shite,yea youre right its shite,0,0
and as we turn and look to the future..... very interesting times ahead,and as we turn and look to the future very interesting times ahead,0,0
Iâm tired of living the regular life ð¤£,im tired of living the regular life,1,1
I like the sound of my new job title. Inventory manager.,i like the sound of my new job title inventory manager,0,1
"I'm out of all my fucking meds bc my family thought it was the best to do since I got sick, tired and slâ¦ https://t.co/6dpLNbb0sh",im out of all my fucking meds bc my family thought it was the best to do since i got sick tired and sl,1,1
RT @ruinpeach: everyoneâs fighting about this but will is dead and wessaâs kids are dead and jemâs going to die one day along with jessaâsâ¦,rt everyones fighting about this but will is dead and wessas kids are dead and jems going to die one day along with jessas,1,1
i wanna die. i donât deserve a piece of anything. i donât belong anywhere. iâm sick and tired of everything. the saâ¦ https://t.co/8hbfNffXii,i wanna die i dont deserve a piece of anything i dont belong anywhere im sick and tired of everything the sa,1,1
she is tired.,she is tired,0,0
i shouldnt want to kill myself i have so many advantages in life all of my immediate family is alive and still involved in my life i have several friends who i frequently talk to i make more than enough money to live on easily but every night i go home and drink hoping i will forget about how much i just want it all to end every single moment that i am sober i spend thinking that people might actually see me for who i really am a lazy waste of space who lucked into success and wheni amdrunk i worry that people will find out thati am trying to slowly kill myself with alcohol fuck i always thought if i could just be successful i would be happy well i am not,i shouldnt want to kill myself i have so many advantages in life all of my immediate family is alive and still involved in my life i have several friends who i frequently talk to i make more than enough money to live on easily but every night i go home and drink hoping i will forget about how much i just want it all to end every single moment that i am sober i spend thinking that people might actually see me for who i really am a lazy waste of space who lucked into success and wheni amdrunk i worry that people will find out thati am trying to slowly kill myself with alcohol fuck i always thought if i could just be successful i would be happy well i am not,1,1
Damn I forgot that Spyro has a midnight release and I literally drove past GameStop I hate myself,damn i forgot that spyro has a midnight release and i literally drove past gamestop i hate myself,1,1
@Cellobella They don't do them in my size How r u?,they dont do them in my size how r u,0,0
at this point i dont even mind the pain i just want out of life,at this point i dont even mind the pain i just want out of life,1,1
@_aang21 I love you I love you ð¥â¤ï¸,i love you i love you,0,0
@Lerae143 you didn't get the memo because when I told you .. You were most likely INTOXICATED. Not my problem.. But you're welcome,you didnt get the memo because when i told you you were most likely intoxicated not my problem but youre welcome,0,0
"Tired of living life with the fear of not being liked. So for now on, FUCK IT Iâm really livinâ now people!!!!!",tired of living life with the fear of not being liked so for now on fuck it im really livin now people,1,1
"@suziam what 'bout something a bit more Lo-Fi.. Dictation (failing that, one of those projected keyboards)",what bout something a bit more lofi dictation failing that one of those projected keyboards,0,0
@theosoft What do you want to know about MODx cms? Maybe I can help you,what do you want to know about modx cms maybe i can help you,0,0
"@belledame222 Hey, it's 5 am...give a girl some credit for trying.",hey its amgive a girl some credit for trying,0,0
"i have such a nasty habit of comparing myself to other girls, damn, i hate myself :-(",i have such a nasty habit of comparing myself to other girls damn i hate myself,1,1
Why did I even come back I want to fucking die I'm tired of everything,why did i even come back i want to fucking die im tired of everything,1,1
@SILVERSUN You make the milk look REALLY good in your pictures,you make the milk look really good in your pictures,0,0
Messi is not tired.,messi is not tired,0,0
the damn 3D movie glasses... I hate myself,the damn d movie glasses i hate myself,1,1
@DanceofLife just twigged you mean your financial presentation? Yes I'll have a look at home and mail to you today,just twigged you mean your financial presentation yes ill have a look at home and mail to you today,0,0
@BrisbaneGirl 'hen' style may or may not involve making promises OTHER people need to deliver ... no such concerns here,hen style may or may not involve making promises other people need to deliver no such concerns here,0,0
"@JulieJoyce Sounds pretty fine to me and very pleased to hear that creepy is your cup of tea, too!",sounds pretty fine to me and very pleased to hear that creepy is your cup of tea too,0,0
iâve been ugly all my life ugh this is not fair i wanna be cute for at least one era of my miserable life.,ive been ugly all my life ugh this is not fair i wanna be cute for at least one era of my miserable life,1,1
A day researching prices for a buffet Mrs CM is doing on Friday. Heard yesterday that the deal for our new shop is finally progressing,a day researching prices for a buffet mrs cm is doing on friday heard yesterday that the deal for our new shop is finally progressing,0,0
Everything,everything,0,0
@gogreen18 yeah I watched your blog tv today.. my wife was the one who told you I wanted you as a pet Lmao.. have a good night,yeah i watched your blog tv today my wife was the one who told you i wanted you as a pet lmao have a good night,0,0
@gypsytrading,,0,0
i cant wait to get this damn nose job so i can take new selfies 'cause i hate every single picture of myself includâ¦ https://t.co/86DCY27jXT,i cant wait to get this damn nose job so i can take new selfies cause i hate every single picture of myself includ,1,1
"@holyschmoke fingers are firmly crossed for you, any advice, give me a shout",fingers are firmly crossed for you any advice give me a shout,0,0
"Busy times at Elstree Studios. New arrivals include, Murderland, Secret Diary of a call girl - Re-uniting the Rubins - Huge - Sainsburys",busy times at elstree studios new arrivals include murderland secret diary of a call girl reuniting the rubins huge sainsburys,0,0
i want to kill him,i want to kill him,0,0
@honeylovc i love you &lt;33,i love you,0,0
"@308Olsen,Blaine, MN,I dont want to be here anymore.",blaine mni dont want to be here anymore,1,1
@gfrdtagon also again i hate making a comeback to rp bcs i caused many bad things that shudnt have happened:(:( bubâ¦ https://t.co/eqirspU9fo,also again i hate making a comeback to rp bcs i caused many bad things that shudnt have happened bub,1,0
"@mykitchenstore we are planning our first one this year, egg hunt that is",we are planning our first one this year egg hunt that is,0,0
I hate going into my rap zone cause then I think to myself damn people should really hear this but then I go oh welâ¦ https://t.co/qU72v284yt,i hate going into my rap zone cause then i think to myself damn people should really hear this but then i go oh wel,1,1
"@TomFelton Cash in the Attic is OK, I prefer Homes Under the Hammer, haha I do love being off school...",cash in the attic is ok i prefer homes under the hammer haha i do love being off school,0,0
"For the past week Iâll Iâve been thinking about is nothing. I want to disappear, why do I feel so trapped in the liâ¦ https://t.co/Xqh6rLAcms",for the past week ill ive been thinking about is nothing i want to disappear why do i feel so trapped in the li,1,1
"@MmmBaileys Have a good day Jessie, and I'll tell you for why, it's your birthday!",have a good day jessie and ill tell you for why its your birthday,0,0
"@dylanphayes Woop! I'm keen to head to Sydney/Melbourne. Even if YYY come here, we should still roadtrip",woop im keen to head to sydneymelbourne even if yyy come here we should still roadtrip,0,0
RT @akiresaur: Learn the art of being alone and being happy at the same time.,rt learn the art of being alone and being happy at the same time,0,1
"@arabsodmg www.youtube.com/Titomi15..WATCH THE VIDEOS,COMMENT&amp;SUSCRIBE!! &amp; FOLLOW me , Cheers x",the videoscommentsuscribe follow me cheers x,0,0
jami: probably drunk driver coming onto on-coming traffic,jami probably drunk driver coming onto oncoming traffic,1,0
@robcthegeek You forgot Dependency injection/IoC containers on your tech todo list,you forgot dependency injectionioc containers on your tech todo list,0,0
@k1tten lol supp it aint fucked,lol supp it aint fucked,0,1
"Seeing Eno on Thursday Brian Eno &amp; J. Peter Schwalm Ã¯Â¿Â½ Like Pictures, Pt. 2 (ntnet) ? http://blip.fm/~3xcys",seeing eno on thursday brian eno j peter schwalm like pictures pt ntnet,0,0
why cant I loose enough blood on my period that I just die ugh â IDK go see a doctor https://t.co/P2PTooYnT5,why cant i loose enough blood on my period that i just die ugh idk go see a doctor,1,1
RT @babycarebot: It's okay to be proud of your progress even if you're not exactly where you want to be. You're getting there,rt its okay to be proud of your progress even if youre not exactly where you want to be youre getting there,0,1
Showcase Quick @ VIP romm on Thursday,showcase quick vip romm on thursday,0,0
"RT @missmabh: I'm in desperate need of a kidney transplant &amp; need a matching live donor, I'm actually at the end of the road now so need onâ¦",rt im in desperate need of a kidney transplant need a matching live donor im actually at the end of the road now so need on,1,1
Eating kebab in the sun. Sounds like a bad song title. Ha! That one too,eating kebab in the sun sounds like a bad song title ha that one too,0,0
He doesn't want to give up but he's afraid to even touch the equipment much less pack it up.,he doesnt want to give up but hes afraid to even touch the equipment much less pack it up,0,1
@Jeicky_the_cat @skwi69 Thanks,thanks,0,0
@xroldx narrated by Dave Smalley.....my hero....this cannot go wrong,narrated by dave smalleymy herothis cannot go wrong,0,0
@TimNebergall @JudgmentCash @AlexGoodall Thanks for the Rt's Paul,thanks for the rts paul,0,0
She didn't want him to go out with other women,she didnt want him to go out with other women,0,1
@Mennard have fun! bet you unearth all sorts of goodies!!,have fun bet you unearth all sorts of goodies,0,0
almost broke down at class just because the most negative thoughts are kicking in and I'm mf tired of living hahahahahahahah,almost broke down at class just because the most negative thoughts are kicking in and im mf tired of living hahahahahahahah,1,1
Cookie Dough is like âhey donât eat me raw I could make you sickâ not realizing that Iâve been ready to die for things I liked less.,cookie dough is like hey dont eat me raw i could make you sick not realizing that ive been ready to die for things i liked less,1,1
"RT @Raptors_22: I quit, I keep grinding but still fucking suck. I no life something and I still fucking suck. Iâm never gonna get into  @Faâ¦",rt i quit i keep grinding but still fucking suck i no life something and i still fucking suck im never gonna get into,1,1
he didn't want her to go out with other man,he didnt want her to go out with other man,0,0
Jon Stewart loves Twitter http://www.thedailyshow.com/video/index.jhtml?videoId=219519&amp;title=twitter-frenzy,jon stewart loves twitter,0,0
That skill takes time and iq. As a center he could run other bigs off the floor and force other teams to go small aâ¦ https://t.co/i0I3FKsgBt,that skill takes time and iq as a center he could run other bigs off the floor and force other teams to go small a,1,0
"RT @MilradJalen: @raesanni I agree itâs awful and makes no sense. Regardless of his last mistakes, he didnât deserve to die and mocking himâ¦",rt i agree its awful and makes no sense regardless of his last mistakes he didnt deserve to die and mocking him,1,1
Got a &quot;thing&quot; for doctor chics.,got a thing for doctor chics,0,0
Liter spent so much money tonight and literally one of the worst nights in a looo g time literally about to straighâ¦ https://t.co/XEgK1zt0Xs,liter spent so much money tonight and literally one of the worst nights in a looo g time literally about to straigh,1,0
ooo apple store is down ... so close? Credit card ready,ooo apple store is down so close credit card ready,0,0
@ilovetypography and in danish its &quot;rytme&quot;,and in danish its rytme,0,1
checking out twitter to see what i have heard is true,checking out twitter to see what i have heard is true,0,0
@SexySubKaylee heh heh dirty is always good gurl! I like how you think,heh heh dirty is always good gurl i like how you think,0,0
@smeykunz We can all have a fun ladies night! Anyone can join!,we can all have a fun ladies night anyone can join,0,0
i hate myself so much i want to KILL myself how are yâall?!?! ð¥´ð¥´,i hate myself so much i want to kill myself how are yall,1,1
@christinamendez: My list is short; so does that mean the my God is huge too? LoL,my list is short so does that mean the my god is huge too lol,0,0
RT @princessjmee: Never been to war but I get terrible nightmares that wake me up fighting for my life. #thisisus #ptsd,rt never been to war but i get terrible nightmares that wake me up fighting for my life,1,1
RT @AshleySantini: I go on YouTube to binge watch David dobrik wholeheartedly knowing Iâm going to be sad bc i cant marry him or Scotty orâ¦,rt i go on youtube to binge watch david dobrik wholeheartedly knowing im going to be sad bc i cant marry him or scotty or,1,0
RT @damnitdolann: I fucking hate my whole family all they do is making me feel fat and I'm so done with feeling bad about my body and constâ¦,rt i fucking hate my whole family all they do is making me feel fat and im so done with feeling bad about my body and const,1,1
"RT @0mysky: If you find someone that makes you happy, enjoy it... life is not fair nor give many opportunities... https://t.co/dCBwDeQVH8",rt if you find someone that makes you happy enjoy it life is not fair nor give many opportunities,0,0
honestly i'm so tired of everything and myself can i just die already,honestly im so tired of everything and myself can i just die already,1,1
"they dropped these fucking teasers when i was in class YEAH THEY WANT ME TO DIE, RIGHT? https://t.co/nbjoTSHmuw",they dropped these fucking teasers when i was in class yeah they want me to die right,1,1
"@TennisGrapevine ""Thousands of dead children"", as he put it. Sigh.",thousands of dead children as he put it sigh,1,1
@SamanthaPaige3 This is the best thing to pop on my Twitter all dayðð what cracks me up is that billy is in it tooððð,this is the best thing to pop on my twitter all day what cracks me up is that billy is in it too,0,0
RT @camerondallas: if i donât love anything i canât get hurt,rt if i dont love anything i cant get hurt,0,1
RT @Beebri97: @Quueenn_M Girl I wanna look this good when I'm pregnant lol. Congratulations beautiful! I hope it's a girl so she can be like u,rt girl i wanna look this good when im pregnant lol congratulations beautiful i hope its a girl so she can be like u,0,0
@daveixd Insulting? Did *you* invent it? Now I know what to get you for your birthday: http://is.gd/rcf4,insulting did you invent it now i know what to get you for your birthday,0,0
buying a gun tomorrow since stores are closed i ll spare you the details of my life since no one will give a shit anywayi amjust done with everything nothing helps yes i am well aware that i m not alone it doesnt make a shit of difference nothing can be done and i m sick of wasting life time money air as much as i love the people in my life they arent worth living with this shit nor are they of any help because they dont know what to do i tried knives but i cant bring myself to draw blood ,buying a gun tomorrow since stores are closed i ll spare you the details of my life since no one will give a shit anywayi amjust done with everything nothing helps yes i am well aware that i m not alone it doesnt make a shit of difference nothing can be done and i m sick of wasting life time money air as much as i love the people in my life they arent worth living with this shit nor are they of any help because they dont know what to do i tried knives but i cant bring myself to draw blood,1,1
"RT @WanNurSyaira: I never say my life is miserable, my life is pretty good not gonna lie. But what it seems to be a âprivilegedâ life may nâ¦",rt i never say my life is miserable my life is pretty good not gonna lie but what it seems to be a privileged life may n,1,1
damn i really only have 4 hours to start and finish this paper for tomorrow i hate myself,damn i really only have hours to start and finish this paper for tomorrow i hate myself,1,0
just watched chris moyles quiz night from last night! alan carr is too funny! he's the best,just watched chris moyles quiz night from last night alan carr is too funny hes the best,0,0
My heart is so crushed.,my heart is so crushed,1,1
@Lady_Twitster Ah it's not the same since the old days when he of the orange-face was still around.,ah its not the same since the old days when he of the orangeface was still around,0,1
Gene has been acting a bit odd lately. When I told him about Leper wanting to jump out of the tree to join The Supeâ¦ https://t.co/jqjOwpBQ1X,gene has been acting a bit odd lately when i told him about leper wanting to jump out of the tree to join the supe,1,1
"RT @theseoulstory: Cheers for more wonderful years with HIGHLIGHT Happy 8th anniversary, guys! @ent_aroundus #CELEBRATE_HIGHLIGHT",rt cheers for more wonderful years with highlight happy th anniversary guys,0,0
FUCKING END MY LIFE,fucking end my life,1,1
my sleep was disturbed. i am looking to end a career today,my sleep was disturbed i am looking to end a career today,0,0
"@MoonwoodFarm Yes, the gloves are my pattern. I've made lots of gloves on my looms",yes the gloves are my pattern ive made lots of gloves on my looms,0,0
RT @MrEdTrain: #NeverForget who keeps you &amp; your family safe &amp; free ðºð¸ @USMC @USARMY @USNAVY @USAF @USCG https://t.co/z21HWgPaYn,rt who keeps you your family safe free,0,0
RT @iamfabrizio: Sometimes in life &amp; love situations in order to move ahead we just have to give ourselves over to being vulnerable &amp,rt sometimes in life love situations in order to move ahead we just have to give ourselves over to being vulnerable amp,0,1
New Hip album today. Mine arrives in vinyl next week,new hip album today mine arrives in vinyl next week,0,0
@JayGee101 Glad to hear it! Im ok thanx,glad to hear it im ok thanx,0,0
sorry people who arent toxic and wanted be friends.,sorry people who arent toxic and wanted be friends,1,1
"is kicking back with a beer and watching, of all things, a tacky chick flick...eh....we gotta do it now and then",is kicking back with a beer and watching of all things a tacky chick flickehwe gotta do it now and then,0,0
@shruticute Hmmm... my mom... well... thanni thelichu vettutaanga...,hmmm my mom well thanni thelichu vettutaanga,0,0
@thirdsectorlab Greetings.,greetings,0,0
"@jrkgirlnla Oh yes, I was reading that one",oh yes i was reading that one,0,0
"is laughing , i cant believe flea attacks dougie xx",is laughing i cant believe flea attacks dougie xx,0,1
Make sure you email me to enter this month's giveaway - makeup from Pink Quartz Minerals!!,make sure you email me to enter this months giveaway makeup from pink quartz minerals,0,0
"200 words over with still more to write, lame. burritos for tea",words over with still more to write lame burritos for tea,0,0
"RT @NonWhiteHat: Naming laws after dead children is a cynical ploy. ""If you don't support this law, you must want more kids to die, just liâ¦",rt naming laws after dead children is a cynical ploy if you dont support this law you must want more kids to die just li,1,1
@royaltybites : SLUMDOG MILLIONAIRE! OMG. Or the new one by James Patterson,slumdog millionaire omg or the new one by james patterson,0,0
is an awesome photographer,is an awesome photographer,0,0
DISAPPEARING WHEN YOU WAKE UP BUT THERES NOTHING TO BE AFRAID OF EVEN WHEN THE NIGHT CHANGES IT WILL NEVER CHANGE ME AND YOU,disappearing when you wake up but theres nothing to be afraid of even when the night changes it will never change me and you,1,1
@robjjones Moody Woods is absolutely awesome,moody woods is absolutely awesome,0,0
@margb1509 It's the same here in New Zealand too. Looking forward to them starting again already! Have a great night!,its the same here in new zealand too looking forward to them starting again already have a great night,0,0
in curand voi fi pe .ro thx to blogway si CNSC,in curand voi fi pe ro thx to blogway si cnsc,0,0
@geeklitebeta Had to follow after reading that tweet about &quot;Why is it that every second ...&quot;,had to follow after reading that tweet about why is it that every second,0,0
tom chaplin marry me please. i melt for you hahaha.. o and pearshapebodygirl stopped talking to me! YES!,tom chaplin marry me please i melt for you hahaha o and pearshapebodygirl stopped talking to me yes,0,0
@T_sos2 9 tails or not if he wanted to kill him heâd be dead. Itachi couldâve killed him but he didnât want to...idâ¦ https://t.co/ndYXd8jgBu,tails or not if he wanted to kill him hed be dead itachi couldve killed him but he didnt want toid,1,1
@Cathay_Pacific just wanted to say a big thank you for being such a great airline. As a travel writer things like this mean A LOT!,just wanted to say a big thank you for being such a great airline as a travel writer things like this mean a lot,0,0
"@ddlovato i've been at school since yesterday ! GOOD MORNING DEMI LOVATO , im a fan from canada !",ive been at school since yesterday good morning demi lovato im a fan from canada,0,0
TweetDeck Icons Annoyng your Desktop? CHANGE http://tinyurl.com/dca4r7 (From Devianart http://tinyurl.com/djg77b ),tweetdeck icons annoyng your desktop change from devianart,0,0
"RT @RMFifthCircuit: This is truly a horrifying article.  Most of us don't have the underlying ""deep hereditary, mental health disorder"" thaâ¦",rt this is truly a horrifying article most of us dont have the underlying deep hereditary mental health disorder tha,1,1
wanted to kill him.,wanted to kill him,0,0
@jackhii n i got yr pic posing in the server room ..,n i got yr pic posing in the server room,0,0
poor @littlebrownpen ! Fortunately you have a good sense of humor,poor fortunately you have a good sense of humor,0,0
"@Pixieguts really???? why? Call superman, he can save you!!!! We need ya!",really why call superman he can save you we need ya,0,0
"@RachelStarrxxx AWWWWWW, i really wish i could be there to give ya some serious TLC Rachel hun....sending ya huge HUGZ AND KISSES",awwwwww i really wish i could be there to give ya some serious tlc rachel hunsending ya huge hugz and kisses,0,0
"Damn, i hate myself @EvoPvPServer",damn i hate myself,1,1
When will !pidgin integrate otr-encryption as a standard component like !adium does? I will really appreciate that!,when will pidgin integrate otrencryption as a standard component like adium does i will really appreciate that,0,0
now my heart wants to die too i ve been struggling with depression trauma and suicidal thoughts for years but honestly things havent been as painful as they are now i am here sitting alone and alienated confused depressed miserable helpless and alone and honestly at this point i just hate life,now my heart wants to die too i ve been struggling with depression trauma and suicidal thoughts for years but honestly things havent been as painful as they are now i am here sitting alone and alienated confused depressed miserable helpless and alone and honestly at this point i just hate life,1,1
I fucking hate my whole family all they do is making me feel fat and I'm so done with feeling bad about my body andâ¦ https://t.co/eXWykCGcrf,i fucking hate my whole family all they do is making me feel fat and im so done with feeling bad about my body and,1,1
So cut my wrist and black my eyes,so cut my wrist and black my eyes,1,1
i almost attempted suicide again when someone blackmailed me and threatened to have me thrown in jail for something i didnt do he knew where i worked and my parents names,i almost attempted suicide again when someone blackmailed me and threatened to have me thrown in jail for something i didnt do he knew where i worked and my parents names,1,1
@eleahbaant I sure will.,i sure will,0,0
my life has no purpose i am broke lonely and miserable i am so my life is a sack of shit my family legitimately hate me i am poor i have some friends but dont hear from them unless i get in touch first i have been single for almost a decade generally i am ok with being single but depression grinds my world to a halt doctors dont help me nobody around me seems to understand this has gone on for 30 years i am tired cant do it any more i just want to lay down and die quietly all i want in life is to disappear,my life has no purpose i am broke lonely and miserable i am so my life is a sack of shit my family legitimately hate me i am poor i have some friends but dont hear from them unless i get in touch first i have been single for almost a decade generally i am ok with being single but depression grinds my world to a halt doctors dont help me nobody around me seems to understand this has gone on for years i am tired cant do it any more i just want to lay down and die quietly all i want in life is to disappear,1,1
@xdcd What are you saying about yourself,what are you saying about yourself,0,0
She want to be a doctor,she want to be a doctor,0,0
@fisbeed get back to work,get back to work,0,0
i cant live in this world ok its too much its too bad and too evil and i cant handle it anymore theres so much more evil in the world than good almost everyone is just apathetic about all the suffering in the world or people actively contribute to it people harass hate and kill each other for no reason people get killed by natural disasters and most people dont give a shit at all they just think whatever better them than me and move on with their lives ,i cant live in this world ok its too much its too bad and too evil and i cant handle it anymore theres so much more evil in the world than good almost everyone is just apathetic about all the suffering in the world or people actively contribute to it people harass hate and kill each other for no reason people get killed by natural disasters and most people dont give a shit at all they just think whatever better them than me and move on with their lives,1,1
i m not safe with myself i have been suicidal for a while now i have made 4 attempts this year and yet nobody seems to get it i honestly cant say if i am going to kill myself today i keep breaking down crying and i dont know why i hate myself ,i m not safe with myself i have been suicidal for a while now i have made attempts this year and yet nobody seems to get it i honestly cant say if i am going to kill myself today i keep breaking down crying and i dont know why i hate myself,1,1
RT @elsierosehewitt: how much anger must u be carrying to treat a stranger -whoâs life/struggles/battles you know nothing about- so poorly?â¦,rt how much anger must u be carrying to treat a stranger whos lifestrugglesbattles you know nothing about so poorly,1,1
ALWAYS FUCKING STRESSING AND ITS NOT GOOD. DAY BY DAY I JUST FEEL LIKE IM GOING TO FUCKING LOSE IT AND DO IT. YOU WOULDNT CARE THO BECAUSE IM WORTHLESS TO YOU,always fucking stressing and its not good day by day i just feel like im going to fucking lose it and do it you wouldnt care tho because im worthless to you,1,0
@Fran6 thx,thx,0,0
"@Oomongoomong,,This is for u, the person who feels like they have no one, the person who doesnt see why they should be here anymore",this is for u the person who feels like they have no one the person who doesnt see why they should be here anymore,1,1
RT @Conteia_: Iâm a fucking lunatic when I get angry itâs so terrible I need to work on this so bad before I end up doing something that fuâ¦,rt im a fucking lunatic when i get angry its so terrible i need to work on this so bad before i end up doing something that fu,1,1
is getting ready to take Munchlet to the vet. Then doing absolutely nothing but relaxing! Next two days off.,is getting ready to take munchlet to the vet then doing absolutely nothing but relaxing next two days off,0,0
New iPhone is completely updated Sun shining in Derry - tis a pretty day,new iphone is completely updated sun shining in derry tis a pretty day,0,1
i want to be a businessman in futer,i want to be a businessman in futer,0,0
Is glad she got changed 3 times this morning xD its lovely &amp; sunny,is glad she got changed times this morning xd its lovely sunny,0,0
@yerea679 not tired.,not tired,0,0
FUCK YOU I FUCKING HATE YOU,fuck you i fucking hate you,1,1
"Today, one year ago, I lost a neighbour, and friend, to #suicide. So here is a quote that got me through my worst tâ¦ https://t.co/a83mtDdWsA",today one year ago i lost a neighbour and friend to so here is a quote that got me through my worst t,1,1
- Sitting in the studio talking to Danniee Beee who is ignoring me as he is adding friends to his Facebook;that is until he reads this,sitting in the studio talking to danniee beee who is ignoring me as he is adding friends to his facebookthat is until he reads this,0,0
More deinstallation fun: wielding power drills &amp; being in love with my spreadsheet organization,more deinstallation fun wielding power drills being in love with my spreadsheet organization,0,0
ok... now I have tkts for 2nite... Fast and the Furious! hope is GREAT after being sold out for the weekend!...,ok now i have tkts for nite fast and the furious hope is great after being sold out for the weekend,0,0
"Congratulations, Jim! I'm a great editor, not a great media artist.",congratulations jim im a great editor not a great media artist,0,0
Tim Fischer was on to talk about his love for his family and hisâ¦,tim fischer was on to talk about his love for his family and his,0,0
Found st thomas'and waiting,found st thomasand waiting,0,0
Tired of living day by day like everythingâs alright,tired of living day by day like everythings alright,1,1
I really hate myself this much to wait in this long ass line damn,i really hate myself this much to wait in this long ass line damn,1,1
sbux is exclusively playing rostam and beck i am loving it,sbux is exclusively playing rostam and beck i am loving it,0,0
@xxandip uh oh i take it someone cant spell your name? im a katie and hate it when people put katy x,uh oh i take it someone cant spell your name im a katie and hate it when people put katy x,0,1
My work schedule for next week makes me want to DIE Iâm not ready,my work schedule for next week makes me want to die im not ready,1,0
i feel like my time is coming soon like i m running out of time i ve had enough and i m ready to call it quits i ve attempted before but this time i can t afford to fail i have many different pills and other ways i can end it i just need to figure out the best time when maybe tonight maybe tomorrow who knows,i feel like my time is coming soon like i m running out of time i ve had enough and i m ready to call it quits i ve attempted before but this time i can t afford to fail i have many different pills and other ways i can end it i just need to figure out the best time when maybe tonight maybe tomorrow who knows,1,1
"@dink9966 Losing those 2 guys is huge, but you gotta deal with it. Time to call up Weber for the PP &amp; Price to take some NyQuil #habs",losing those guys is huge but you gotta deal with it time to call up weber for the pp price to take some nyquil,0,1
@electroginge Buy an Mac yay,buy an mac yay,0,0
Iâm at the point of the semester where Iâm so tired of everything. I just want to roll over and die.,im at the point of the semester where im so tired of everything i just want to roll over and die,1,1
"I never knew that my grandfather ð´ð¾ death was so hard on my mother like it is on me, I guess maybe I thought she waâ¦ https://t.co/WYgCqINw4O",i never knew that my grandfather death was so hard on my mother like it is on me i guess maybe i thought she wa,1,1
sat at home doing nothing? looking foward to bakewell next week though,sat at home doing nothing looking foward to bakewell next week though,0,0
@D_Silver i saw your photos! hot!,i saw your photos hot,0,0
i'll be in london today. Wave if you see me,ill be in london today wave if you see me,0,1
RT @TreyDiamonds: Hate the fact that Iâm damn near forced to figure everything out by myself but it must be done,rt hate the fact that im damn near forced to figure everything out by myself but it must be done,1,1
RT @CapcomFighters: Congratulations again to @tokidoki77 for taking the Asia Regional Finals title! Thanks to @Yoshi_OnoChin for giving out,rt congratulations again to for taking the asia regional finals title thanks to for giving out,0,0
What did you want me to say?,what did you want me to say,0,0
"right then nsb archive done and dusted, ape accounts up to date, freeland winner sorted.. haha now to do some real work",right then nsb archive done and dusted ape accounts up to date freeland winner sorted haha now to do some real work,0,1
@Allanahk but 26 characters? Yr last tweet wouldn't have made the cut...,but characters yr last tweet wouldnt have made the cut,0,0
running out of option it physically hurts to breathe i have no dream or goal or ambition or motivation i am tried of it all i have been to hospital er psyche ward therapist difference medications my girlfriend the only person i really loved who wasnt family wants to just go do drugs and drink or whatever the fuck leaving me here with nothing so i cant at least just talk to her any more about how i feel it hurts it hurts so much so much pain and why i dont know why was i born to suffer like this if god is real he wants me dead and i do too,running out of option it physically hurts to breathe i have no dream or goal or ambition or motivation i am tried of it all i have been to hospital er psyche ward therapist difference medications my girlfriend the only person i really loved who wasnt family wants to just go do drugs and drink or whatever the fuck leaving me here with nothing so i cant at least just talk to her any more about how i feel it hurts it hurts so much so much pain and why i dont know why was i born to suffer like this if god is real he wants me dead and i do too,1,1
RT @LSUBonnette: Had a feeling it was going to be a great day got to meet John Stockton before the game,rt had a feeling it was going to be a great day got to meet john stockton before the game,0,0
@dizzyhrvy that crap took me forever to put together. iâm going to go sleep for DAYS,that crap took me forever to put together im going to go sleep for days,1,1
"To no one: I'm not fucking okay, stop asking me if I am. Stop asking me what's wrong. If I knew then I'd fucking saâ¦ https://t.co/iIXwUtp35x",to no one im not fucking okay stop asking me if i am stop asking me whats wrong if i knew then id fucking sa,1,1
@aamelia lots and many. I illegaly downloaded them (h) BUT then lost them all. so now I only haz whatev ones tozz emails me why?,lots and many i illegaly downloaded them h but then lost them all so now i only haz whatev ones tozz emails me why,0,0
One month from today we'll be on that plane headin' for NY!!,one month from today well be on that plane headin for ny,0,0
"Has anyone had an great success stories on Twitter? If so, I would love to hear your story. DM me",has anyone had an great success stories on twitter if so i would love to hear your story dm me,0,0
"time to turn off and go to sleep i think, its been a big day! Goodnight all",time to turn off and go to sleep i think its been a big day goodnight all,0,0
"@derekmusial,,@landonb94 @KidsSeeGhoats ok hold on, how can these numbers not be correct anymore if the video is two weeks old...? strength of schedule and record dont change too much in two weeks. and if yall dont care about top 4 why are you here? won your division, overranked to begin with, what else you want?",ok hold on how can these numbers not be correct anymore if the video is two weeks old strength of schedule and record dont change too much in two weeks and if yall dont care about top why are you here won your division overranked to begin with what else you want,1,1
@jethron5000 hahah yeah see i told you! coffee bean's chocolate ice blended is way better! let me know how's the show tonight,hahah yeah see i told you coffee beans chocolate ice blended is way better let me know hows the show tonight,0,0
